formulations_excel_row,source_workbook,source_sheet,source_excel_row,source_sample_id,raw_DMF,raw_NFM,raw_EA,raw_solvent_sum
2,data/source/Bayesian optimization data.xlsx,1,2,1-2,0.74,0.14,0.12,1.0
3,data/source/Bayesian optimization data.xlsx,1,3,1-3,0.79,0.12,0.09,1.0
4,data/source/Bayesian optimization data.xlsx,1,4,1-4,0.84,0.11,0.05,1.0
5,data/source/Bayesian optimization data.xlsx,1,5,1-5,0.84,0.09,0.07,1.0
6,data/source/Bayesian optimization data.xlsx,1,6,1-6,0.92,0.08,0.0,1.0
7,data/source/Bayesian optimization data.xlsx,1,7,1-7,0.8,0.05,0.15,1.0
8,data/source/Bayesian optimization data.xlsx,1,8,1-8,0.88,0.0,0.12,1.0
9,data/source/Bayesian optimization data.xlsx,1,9,2-1,0.75,0.15,0.1,1.0
10,data/source/Bayesian optimization data.xlsx,1,10,2-2,0.74,0.13,0.13,1.0
11,data/source/Bayesian optimization data.xlsx,1,11,2-3,0.87,0.13,0.0,1.0
12,data/source/Bayesian optimization data.xlsx,1,12,2-4,0.82,0.11,0.07,1.0
13,data/source/Bayesian optimization data.xlsx,1,13,2-5,0.86,0.09,0.05,1.0
14,data/source/Bayesian optimization data.xlsx,1,14,2-6,0.84,0.07,0.09,0.9999999999999999
15,data/source/Bayesian optimization data.xlsx,1,15,2-7,0.82,0.05,0.13,1.0
16,data/source/Bayesian optimization data.xlsx,1,16,2-8,0.83,0.0,0.17,1.0
17,data/source/Bayesian optimization data.xlsx,1,17,3-1,0.79,0.16,0.05,1.0
18,data/source/Bayesian optimization data.xlsx,1,18,3-2,0.78,0.14,0.08,1.0
19,data/source/Bayesian optimization data.xlsx,1,19,3-3,0.76,0.12,0.12,1.0
20,data/source/Bayesian optimization data.xlsx,1,20,3-4,0.75,0.1,0.15,1.0
21,data/source/Bayesian optimization data.xlsx,1,21,3-5,0.82,0.08,0.1,0.9999999999999999
22,data/source/Bayesian optimization data.xlsx,1,22,3-6,0.8,0.06,0.14,1.0
23,data/source/Bayesian optimization data.xlsx,1,23,3-7,0.95,0.05,0.0,1.0
24,data/source/Bayesian optimization data.xlsx,1,24,3-8,0.93,0.0,0.07,1.0
25,data/source/Bayesian optimization data.xlsx,1,25,4-1,0.79,0.15,0.06,1.0
26,data/source/Bayesian optimization data.xlsx,1,26,4-2,0.86,0.14,0.0,1.0
27,data/source/Bayesian optimization data.xlsx,1,27,4-3,0.76,0.11,0.13,1.0
28,data/source/Bayesian optimization data.xlsx,1,28,4-4,0.8,0.1,0.1,1.0
29,data/source/Bayesian optimization data.xlsx,1,29,4-5,0.77,0.08,0.15,1.0
30,data/source/Bayesian optimization data.xlsx,1,30,4-6,0.82,0.06,0.12,0.9999999999999999
31,data/source/Bayesian optimization data.xlsx,1,31,4-7,0.86,0.05,0.09,1.0
32,data/source/Bayesian optimization data.xlsx,1,32,4-8,0.95,0.0,0.05,1.0
33,data/source/Bayesian optimization data.xlsx,1,33,5-1,0.74,0.14,0.12,1.0
34,data/source/Bayesian optimization data.xlsx,1,34,5-2,0.78,0.13,0.09,1.0
35,data/source/Bayesian optimization data.xlsx,1,35,5-3,0.82,0.12,0.06,1.0
36,data/source/Bayesian optimization data.xlsx,1,36,5-4,0.89,0.11,0.0,1.0
37,data/source/Bayesian optimization data.xlsx,1,37,5-5,0.84,0.08,0.08,0.9999999999999999
38,data/source/Bayesian optimization data.xlsx,1,38,5-6,0.88,0.07,0.05,1.0
39,data/source/Bayesian optimization data.xlsx,1,39,5-7,0.81,0.04,0.15,1.0
40,data/source/Bayesian optimization data.xlsx,1,40,5-8,0.87,0.0,0.13,1.0
41,data/source/Bayesian optimization data.xlsx,1,41,6-1,0.75,0.14,0.11,1.0
42,data/source/Bayesian optimization data.xlsx,1,42,6-2,0.74,0.12,0.14,1.0
43,data/source/Bayesian optimization data.xlsx,1,43,6-3,0.83,0.12,0.05,1.0
44,data/source/Bayesian optimization data.xlsx,1,44,6-4,0.82,0.1,0.08,0.9999999999999999
45,data/source/Bayesian optimization data.xlsx,1,45,6-5,0.91,0.09,0.0,1.0
46,data/source/Bayesian optimization data.xlsx,1,46,6-6,0.86,0.07,0.07,1.0
47,data/source/Bayesian optimization data.xlsx,1,47,6-7,0.85,0.05,0.1,1.0
48,data/source/Bayesian optimization data.xlsx,1,48,6-8,0.86,0.0,0.14,1.0
49,data/source/Bayesian optimization data.xlsx,1,49,7-1,0.85,0.15,0.0,1.0
50,data/source/Bayesian optimization data.xlsx,1,50,7-2,0.81,0.13,0.06,1.0
51,data/source/Bayesian optimization data.xlsx,1,51,7-3,0.8,0.11,0.09,1.0
52,data/source/Bayesian optimization data.xlsx,1,52,7-4,0.79,0.09,0.12,1.0
53,data/source/Bayesian optimization data.xlsx,1,53,7-5,0.81,0.08,0.11,1.0
54,data/source/Bayesian optimization data.xlsx,1,54,7-6,0.8,0.06,0.14,1.0
55,data/source/Bayesian optimization data.xlsx,1,55,7-7,0.9,0.05,0.05,1.0
56,data/source/Bayesian optimization data.xlsx,1,56,7-8,0.91,0.0,0.09,1.0
57,data/source/Bayesian optimization data.xlsx,1,57,8-1,0.8,0.13,0.07,1.0
58,data/source/Bayesian optimization data.xlsx,1,58,8-2,0.83,0.13,0.04,1.0
59,data/source/Bayesian optimization data.xlsx,1,59,8-3,0.77,0.1,0.13,1.0
60,data/source/Bayesian optimization data.xlsx,1,60,8-4,0.81,0.09,0.1,1.0
61,data/source/Bayesian optimization data.xlsx,1,61,8-6,0.85,0.06,0.09,0.9999999999999999
62,data/source/Bayesian optimization data.xlsx,1,62,8-7,0.9,0.04,0.06,1.0
63,data/source/Bayesian optimization data.xlsx,1,63,8-8,1.0,0.0,0.0,1.0
64,data/source/Bayesian optimization data.xlsx,2,2,1-2,0.73,0.13,0.14,1.0
65,data/source/Bayesian optimization data.xlsx,2,3,1-3,0.73,0.08,0.19,1.0
66,data/source/Bayesian optimization data.xlsx,2,6,1-6,0.74,0.17,0.09,1.0
67,data/source/Bayesian optimization data.xlsx,2,7,1-7,0.74,0.11,0.15,1.0
68,data/source/Bayesian optimization data.xlsx,2,8,1-8,0.74,0.09,0.17,1.0
69,data/source/Bayesian optimization data.xlsx,2,10,2-2,0.76,0.16,0.08,1.0
70,data/source/Bayesian optimization data.xlsx,2,13,2-5,0.77,0.21,0.02,1.0
71,data/source/Bayesian optimization data.xlsx,2,17,3-1,0.78,0.01,0.21,1.0
72,data/source/Bayesian optimization data.xlsx,2,19,3-3,0.79,0.05,0.16,1.0
73,data/source/Bayesian optimization data.xlsx,2,21,3-5,0.8,0.2,0.0,1.0
74,data/source/Bayesian optimization data.xlsx,2,24,3-8,0.8,0.2,0.0,1.0
75,data/source/Bayesian optimization data.xlsx,2,26,4-2,0.8,0.19,0.01,1.0
76,data/source/Bayesian optimization data.xlsx,2,27,4-3,0.81,0.18,0.01,1.0
77,data/source/Bayesian optimization data.xlsx,2,28,4-4,0.82,0.18,0.0,1.0
78,data/source/Bayesian optimization data.xlsx,2,46,6-7,0.94,0.02,0.04,1.0
79,data/source/Bayesian optimization data.xlsx,2,49,7-2,0.97,0.03,0.0,1.0
80,data/source/Bayesian optimization data.xlsx,3,3,1-3,0.79,0.16,0.05,1.0
81,data/source/Bayesian optimization data.xlsx,3,5,1-5,0.82,0.18,0.0,1.0
82,data/source/Bayesian optimization data.xlsx,3,6,1-6,0.78,0.18,0.04,1.0
83,data/source/Bayesian optimization data.xlsx,3,8,1-8,0.83,0.16,0.01,1.0
84,data/source/Bayesian optimization data.xlsx,3,10,2-2,0.78,0.07,0.15,1.0
85,data/source/Bayesian optimization data.xlsx,3,11,2-3,0.79,0.19,0.02,1.0
86,data/source/Bayesian optimization data.xlsx,3,17,3-1,0.79,0.17,0.04,1.0
87,data/source/Bayesian optimization data.xlsx,3,19,3-3,0.74,0.15,0.11,1.0
88,data/source/Bayesian optimization data.xlsx,3,28,4-4,0.78,0.17,0.05,1.0
89,data/source/Bayesian optimization data.xlsx,3,33,5-2,0.73,0.17,0.1,1.0
90,data/source/Bayesian optimization data.xlsx,3,40,6-1,0.76,0.15,0.09,1.0
91,data/source/Bayesian optimization data.xlsx,3,42,6-3,0.77,0.19,0.04,1.0
92,data/source/Bayesian optimization data.xlsx,3,46,6-7,0.76,0.18,0.06,1.0
93,data/source/Bayesian optimization data.xlsx,3,59,8-4,0.82,0.18,0.0,1.0
94,data/source/Bayesian optimization data.xlsx,3,60,8-5,0.8,0.16,0.04,1.0
95,data/source/Bayesian optimization data.xlsx,3,63,8-8,0.81,0.17,0.02,1.0
96,data/source/Bayesian optimization data.xlsx,4,3,1-3,0.78,0.18,0.04,1.0
97,data/source/Bayesian optimization data.xlsx,4,4,1-4,0.82,0.17,0.01,1.0
98,data/source/Bayesian optimization data.xlsx,4,5,1-5,0.8,0.17,0.03,1.0
99,data/source/Bayesian optimization data.xlsx,4,6,1-6,0.75,0.17,0.08,1.0
100,data/source/Bayesian optimization data.xlsx,4,7,1-7,0.78,0.17,0.05,1.0
101,data/source/Bayesian optimization data.xlsx,4,8,1-8,0.79,0.17,0.03,0.9900000000000001
102,data/source/Bayesian optimization data.xlsx,4,12,2-4,0.78,0.16,0.06,1.0
103,data/source/Bayesian optimization data.xlsx,4,13,2-5,0.81,0.16,0.03,1.0
104,data/source/Bayesian optimization data.xlsx,4,14,2-6,0.78,0.16,0.06,1.0
105,data/source/Bayesian optimization data.xlsx,4,15,2-7,0.83,0.17,0.0,1.0
106,data/source/Bayesian optimization data.xlsx,4,16,2-8,0.78,0.19,0.03,1.0
107,data/source/Bayesian optimization data.xlsx,4,17,3-1,0.79,0.17,0.05,1.01
108,data/source/Bayesian optimization data.xlsx,4,18,3-2,0.8,0.16,0.05,1.01
109,data/source/Bayesian optimization data.xlsx,4,19,3-3,0.75,0.16,0.09,1.0
110,data/source/Bayesian optimization data.xlsx,4,20,3-4,0.77,0.18,0.05,1.0
111,data/source/Bayesian optimization data.xlsx,4,22,3-6,0.78,0.17,0.05,1.0
112,data/source/Bayesian optimization data.xlsx,5,2,1-2,0.81,0.17,0.02,1.0
113,data/source/Bayesian optimization data.xlsx,5,9,2-1,0.79,0.18,0.03,1.0
114,data/source/Bayesian optimization data.xlsx,5,11,2-3,0.8,0.17,0.03,1.0
115,data/source/Bayesian optimization data.xlsx,5,12,2-4,0.8,0.17,0.03,1.0
116,data/source/Bayesian optimization data.xlsx,5,14,2-6,0.82,0.17,0.01,1.0
117,data/source/Bayesian optimization data.xlsx,5,16,2-8,0.82,0.18,0.0,1.0
118,data/source/Bayesian optimization data.xlsx,5,18,3-2,0.81,0.15,0.04,1.0
119,data/source/Bayesian optimization data.xlsx,5,19,3-3,0.8,0.17,0.03,1.0
120,data/source/Bayesian optimization data.xlsx,5,21,3-5,0.82,0.18,0.0,1.0
121,data/source/Bayesian optimization data.xlsx,5,22,3-6,0.81,0.16,0.03,1.0
122,data/source/Bayesian optimization data.xlsx,5,24,3-8,0.82,0.16,0.02,1.0
123,data/source/Bayesian optimization data.xlsx,5,25,4-1,0.83,0.17,0.0,1.0
124,data/source/Bayesian optimization data.xlsx,5,26,4-2,0.8,0.16,0.04,1.0
125,data/source/Bayesian optimization data.xlsx,5,27,4-3,0.82,0.16,0.02,1.0
126,data/source/Bayesian optimization data.xlsx,5,28,4-4,0.81,0.17,0.02,1.0
127,data/source/Bayesian optimization data.xlsx,5,32,4-8,0.8,0.18,0.02,1.0
